id;intitule;date_creation;nb_heures_estimees;nb_heures_reelles
1;Chips;2020-09-29T17:18:44;82071;84937
2;application quantifying Future-proofed;2020-09-29T13:53:34;72690;100
3;silver program compress;2020-09-30T07:32:48;61057;32110
4;Turks and Caicos Islands Small Cotton Soap;2020-09-30T10:03:13;10922;22537
5;Place Germany wireless;2020-09-29T20:37:13;40820;50000
6;local Direct world-class;2020-09-29T23:41:01;8459;74054
7;Analyst Rubber;2020-09-29T17:02:13;75451;95467
8;Sleek navigate Shoes;2020-09-29T23:27:18;66017;1698
9;Home Loan Account Square embrace;2020-09-30T01:56:41;19795;40624
10;Cambridgeshire;2020-09-29T14:23:21;43963;38010
